UHI,,,,,,,,,,,,,,,,,,,,,,,,,,,,,,,,,,,,,,,,,,,,,,,,,,,,,,,
Operating Pro Forma ,,,,,,,,,,,,,,,,,,,,,,,,,,,,,,,,,,,,,,,,,,,,,,,,,,,,,,,
,,#NUM!,,,,,12/31/2025,,,,,,,,,,47118,,,,,,,,,,,,,,,,,,,,,,,,,,,,,,,,,,,,,,
UHI Operating Pro Forma,,Historical,,,,,Year 1,,,,,Year 2,,,,,Year 3,,,,,Year 4,,,,,Year 5,,,,,Year 6,,,,,Year 7,,,,,Year 8,,,,,Year 9,,,,,Year 10,,,
KEY STATISTICS,,,,,,,2026,,,,,2027,,,,,Stabilized,,,,,2029,,,,,2030,,,,,2031,,,,,2032,,,,,2033,,,,,2034,,,,,2035,,,
Number Of Rooms,,,,,,,150,,,,,150,,,,,150,,,,,150,,,,,150,,,,,150,,,,,150,,,,,150,,,,,150,,,,,150,,,
Occupancy,,,,,,,62%,,,,,64%,,,,,66%,,,,,66%,,,,,66%,,,,,66%,,,,,66%,,,,,66%,,,,,66%,,,,,66%,,,
ADR,,,,,,,"$1,038",,,,,"$1,069",,,,,"$1,101",,,,,"$1,134",,,,,"$1,168",,,,,"$1,203",,,,,"$1,239",,,,,"$1,277",,,,,"$1,315",,,,,"$1,354",,,
REVPAR,,$0,,,,,$644,,,,,$689,,,,,$732,,,,,$754,,,,,$776,,,,,$799,,,,,$823,,,,,$848,,,,,$874,,,,,$900,,,
REVPAR Growth,,,,,,,,,,,,7%,,,,,6%,,,,,3%,,,,,3%,,,,,3%,,,,,3%,,,,,3%,,,,,3%,,,,,3%,,,
Occupied Rooms,,,,,,,"33,945",,,,,"35,281",,,,,"36,476",,,,,"36,376",,,,,"36,376",,,,,"36,376",,,,,"36,476",,,,,"36,376",,,,,"36,376",,,,,"36,376",,,
Available Rooms,,,,,,,"54,750",,,,,"54,750",,,,,"54,900",,,,,"54,750",,,,,"54,750",,,,,"54,750",,,,,"54,900",,,,,"54,750",,,,,"54,750",,,,54750,"54,750",,,
,,,,,,,,,,,,,,,,,,,,,,,,,,,,,,,,,,,,,,,,,,,,,,,,,,,,,,,
REVENUE,,$,%,POR,PAR,,$,%,POR,PAR,,$,%,POR,PAR,,$,%,POR,PAR,,$,%,POR,PAR,,$,%,POR,PAR,,$,%,POR,PAR,,$,%,POR,PAR,,$,%,POR,PAR,,$,%,POR,PAR,,$,%,POR,PAR
All Inclusive Rooms + Food,,,0.0%,$0,$0,,"$35,234,910",75.4%,"$1,038",$644,,"$37,720,221",75.4%,"$1,069",$689,,"$40,167,405",75.5%,"$1,101",$732,,"$41,259,387",75.5%,"$1,134",$754,,"$42,497,169",75.5%,"$1,168",$776,,"$43,772,084",75.5%,"$1,203",$799,,"$45,208,768",75.5%,"$1,239",$823,,"$46,437,804",75.5%,"$1,277",$848,,"$47,830,938",75.5%,"$1,315",$874,,"$49,265,866",75.5%,"$1,354",$900
Special Events,,,0.0%,$0,$0,,"$353,750",0.8%,$10,$6,,"$364,363",0.7%,$10,$7,,"$375,293",0.7%,$10,$7,,"$386,552",0.7%,$11,$7,,"$398,149",0.7%,$11,$7,,"$410,093",0.7%,$11,$7,,"$422,396",0.7%,$12,$8,,"$435,068",0.7%,$12,$8,,"$448,120",0.7%,$12,$8,,"$461,564",0.7%,$13,$8
Spa,,,0.0%,$0,$0,,"$7,637,625",16.3%,$225,$140,,"$8,176,349",16.4%,$232,$149,,"$8,706,807",16.4%,$239,$159,,"$8,943,509",16.4%,$246,$163,,"$9,211,814",16.4%,$253,$168,,"$9,488,169",16.4%,$261,$173,,"$9,799,588",16.4%,$269,$178,,"$10,065,998",16.4%,$277,$184,,"$10,367,978",16.4%,$285,$189,,"$10,679,017",16.4%,$294,$195
Camping,,,0.0%,$0,$0,,$0,0.0%,$0,$0,,$0,0.0%,$0,$0,,$0,0.0%,$0,$0,,$0,0.0%,$0,$0,,$0,0.0%,$0,$0,,$0,0.0%,$0,$0,,$0,0.0%,$0,$0,,$0,0.0%,$0,$0,,$0,0.0%,$0,$0,,$0,0.0%,$0,$0
Parking,,,0.0%,$0,$0,,$0,0.0%,$0,$0,,$0,0.0%,$0,$0,,$0,0.0%,$0,$0,,$0,0.0%,$0,$0,,$0,0.0%,$0,$0,,$0,0.0%,$0,$0,,$0,0.0%,$0,$0,,$0,0.0%,$0,$0,,$0,0.0%,$0,$0,,$0,0.0%,$0,$0
Other Operated Departments (Upsell),,,0.0%,$0,$0,,"$3,496,335",7.5%,$103,$64,,"$3,742,951",7.5%,$106,$68,,"$3,985,783",7.5%,$109,$73,,"$4,094,140",7.5%,$113,$75,,"$4,216,964",7.5%,$116,$77,,"$4,343,473",7.5%,$119,$79,,"$4,486,034",7.5%,$123,$82,,"$4,607,990",7.5%,$127,$84,,"$4,746,230",7.5%,$130,$87,,"$4,888,617",7.5%,$134,$89
Other Income,,,0.0%,$0,$0,,$0,0.0%,$0,$0,,$0,0.0%,$0,$0,,$0,0.0%,$0,$0,,$0,0.0%,$0,$0,,$0,0.0%,$0,$0,,$0,0.0%,$0,$0,,$0,0.0%,$0,$0,,$0,0.0%,$0,$0,,$0,0.0%,$0,$0,,$0,0.0%,$0,$0
Revenue Total,,$0,0.0%,$0,$0,,"$46,722,620",100.0%,"$1,376",$853,,"$50,003,883",100.0%,"$1,417",$913,,"$53,235,288",100.0%,"$1,459",$970,,"$54,683,588",100.0%,"$1,503",$999,,"$56,324,096",100.0%,"$1,548","$1,029",,"$58,013,818",100.0%,"$1,595","$1,060",,"$59,916,786",100.0%,"$1,643","$1,091",,"$61,546,860",100.0%,"$1,692","$1,124",,"$63,393,266",100.0%,"$1,743","$1,158",,"$65,295,064",100.0%,"$1,795","$1,193"
,,,,,,,,,,,,,,,,,,,,,,,,,,,,,,,,,,,,,,,,,,,,,,,,,,,,,,,
DEPARTMENTAL EXPENSES,,,,,,,,,,,,,,,,,,,,,,,,,,,,,,,,,,,,,,,,,,,,,,,,,,,,,,,
Rooms + Food and Beverage,,,0.0%,$0,$0,,"$16,172,824",34.6%,$476,$295,,"$17,313,582",34.6%,$491,$316,,"$18,436,839",34.6%,$505,$336,,"$18,938,059",34.6%,$521,$346,,"$19,506,201",34.6%,$536,$356,,"$20,091,387",34.6%,$552,$367,,"$20,750,824",34.6%,$569,$378,,"$21,314,952",34.6%,$586,$389,,"$21,954,401",34.6%,$604,$401,,"$22,613,033",34.6%,$622,$413
Event revenue,,,0.0%,$0,$0,,"$249,748",0.5%,$7,$5,,"$257,240",0.5%,$7,$5,,"$264,957",0.5%,$7,$5,,"$272,906",0.5%,$8,$5,,"$281,093",0.5%,$8,$5,,"$289,526",0.5%,$8,$5,,"$298,212",0.5%,$8,$5,,"$307,158",0.5%,$8,$6,,"$316,373",0.5%,$9,$6,,"$325,864",0.5%,$9,$6
Spa,,,0.0%,$0,$0,,"$7,255,744",15.5%,$214,$133,,"$7,767,531",15.5%,$220,$142,,"$8,271,467",15.5%,$227,$151,,"$8,496,333",15.5%,$234,$155,,"$8,751,223",15.5%,$241,$160,,"$9,013,760",15.5%,$248,$165,,"$9,309,609",15.5%,$255,$170,,"$9,562,698",15.5%,$263,$175,,"$9,849,579",15.5%,$271,$180,,"$10,145,066",15.5%,$279,$185
Camping,,,0.0%,$0,$0,,$0,0.0%,$0,$0,,$0,0.0%,$0,$0,,$0,0.0%,$0,$0,,$0,0.0%,$0,$0,,$0,0.0%,$0,$0,,$0,0.0%,$0,$0,,$0,0.0%,$0,$0,,$0,0.0%,$0,$0,,$0,0.0%,$0,$0,,$0,0.0%,$0,$0
Parking,,,0.0%,$0,$0,,$0,0.0%,$0,$0,,$0,0.0%,$0,$0,,$0,0.0%,$0,$0,,$0,0.0%,$0,$0,,$0,0.0%,$0,$0,,$0,0.0%,$0,$0,,$0,0.0%,$0,$0,,$0,0.0%,$0,$0,,$0,0.0%,$0,$0,,$0,0.0%,$0,$0
Other Operated Departments,,,0.0%,$0,$0,,"$1,412,170",3.0%,$42,$26,,"$1,511,778",3.0%,$43,$28,,"$1,609,858",3.0%,$44,$29,,"$1,653,623",3.0%,$45,$30,,"$1,703,232",3.0%,$47,$31,,"$1,754,329",3.0%,$48,$32,,"$1,811,909",3.0%,$50,$33,,"$1,861,167",3.0%,$51,$34,,"$1,917,002",3.0%,$53,$35,,"$1,974,512",3.0%,$54,$36
Departmental Expenses Total ,,$0,0.0%,$0,$0,,"$25,090,485",53.7%,$739,$458,,"$26,850,130",53.7%,$761,$490,,"$28,583,121",53.7%,$784,$521,,"$29,360,921",53.7%,$807,$536,,"$30,241,749",53.7%,$831,$552,,"$31,149,001",53.7%,$856,$569,,"$32,170,554",53.7%,$882,$586,,"$33,045,975",53.7%,$908,$604,,"$34,037,354",53.7%,$936,$622,,"$35,058,475",53.7%,$964,$640
,,,,,,,,,,,,,,,,,,,,,,,,,,,,,,,,,,,,,,,,,,,,,,,,,,,,,,,
DEPARTMENTAL PROFIT,,$0,0.0%,$0,$0,,"$21,632,135",46.3%,$637,$395,,"$23,153,753",46.3%,$656,$423,,"$24,652,168",46.3%,$676,$449,,"$25,322,667",46.3%,$696,$463,,"$26,082,347",46.3%,$717,$476,,"$26,864,817",46.3%,$739,$491,,"$27,746,232",46.3%,$761,$505,,"$28,500,885",46.3%,$784,$521,,"$29,355,911",46.3%,$807,$536,,"$30,236,589",46.3%,$831,$552
,,,,,,,,,,,,,,,,,,,,,,,,,,,,,,,,,,,,,,,,,,,,,,,,,,,,,,,
UNDISTRIBUTED EXPENSES,,,,,,,,,,,,,,,,,,,,,,,,,,,,,,,,,,,,,,,,,,,,,,,,,,,,,,,
Administrative & General,,,0.0%,$0,$0,,"$4,625,539",9.9%,$136,$84,,"$4,950,384",9.9%,$140,$90,,"$5,270,294",9.9%,$144,$96,,"$5,413,675",9.9%,$149,$99,,"$5,576,085",9.9%,$153,$102,,"$5,743,368",9.9%,$158,$105,,"$5,931,762",9.9%,$163,$108,,"$6,093,139",9.9%,$168,$111,,"$6,275,933",9.9%,$173,$115,,"$6,464,211",9.9%,$178,$118
Sales & Marketing,,,0.0%,$0,$0,,"$2,663,189",5.7%,$78,$49,,"$2,850,221",5.7%,$81,$52,,"$3,034,411",5.7%,$83,$55,,"$3,116,965",5.7%,$86,$57,,"$3,210,473",5.7%,$88,$59,,"$3,306,788",5.7%,$91,$60,,"$3,415,257",5.7%,$94,$62,,"$3,508,171",5.7%,$96,$64,,"$3,613,416",5.7%,$99,$66,,"$3,721,819",5.7%,$102,$68
Staff Accommodation  ,,,0.0%,$0,$0,,$0,0.0%,$0,$0,,$0,0.0%,$0,$0,,$0,0.0%,$0,$0,,$0,0.0%,$0,$0,,$0,0.0%,$0,$0,,$0,0.0%,$0,$0,,$0,0.0%,$0,$0,,$0,0.0%,$0,$0,,$0,0.0%,$0,$0,,$0,0.0%,$0,$0
Info & Telecom,,,0.0%,$0,$0,,"$700,839",1.5%,$21,$13,,"$750,058",1.5%,$21,$14,,"$798,529",1.5%,$22,$15,,"$820,254",1.5%,$23,$15,,"$844,861",1.5%,$23,$15,,"$870,207",1.5%,$24,$16,,"$898,752",1.5%,$25,$16,,"$923,203",1.5%,$25,$17,,"$950,899",1.5%,$26,$17,,"$979,426",1.5%,$27,$18
Property Ops & Maintenance ,,,0.0%,$0,$0,,"$1,868,905",4.0%,$55,$34,,"$2,000,155",4.0%,$57,$37,,"$2,129,412",4.0%,$58,$39,,"$2,187,344",4.0%,$60,$40,,"$2,252,964",4.0%,$62,$41,,"$2,320,553",4.0%,$64,$42,,"$2,396,671",4.0%,$66,$44,,"$2,461,874",4.0%,$68,$45,,"$2,535,731",4.0%,$70,$46,,"$2,611,803",4.0%,$72,$48
Utilities ,,,0.0%,$0,$0,,"$1,308,233",2.8%,$39,$24,,"$1,400,109",2.8%,$40,$26,,"$1,490,588",2.8%,$41,$27,,"$1,531,140",2.8%,$42,$28,,"$1,577,075",2.8%,$43,$29,,"$1,624,387",2.8%,$45,$30,,"$1,677,670",2.8%,$46,$31,,"$1,723,312",2.8%,$47,$31,,"$1,775,011",2.8%,$49,$32,,"$1,828,262",2.8%,$50,$33
Undistributed Expenses Total ,,$0,0.0%,$0,$0,,"$11,166,706",23.9%,$329,$204,,"$11,950,928",23.9%,$339,$218,,"$12,723,234",23.9%,$349,$232,,"$13,069,378",23.9%,$359,$239,,"$13,461,459",23.9%,$370,$246,,"$13,865,303",23.9%,$381,$253,,"$14,320,112",23.9%,$393,$261,,"$14,709,700",23.9%,$404,$269,,"$15,150,991",23.9%,$417,$277,,"$15,605,520",23.9%,$429,$285
,,,,,,,,,,,,,,,,,,,,,,,,,,,,,,,,,,,,,,,,,,,,,,,,,,,,,,,
GROSS OPERATING PROFIT,,$0,0.0%,$0,$0,,"$10,465,429",22.4%,$308,$191,,"$11,202,825",22.4%,$318,$205,,"$11,928,934",22.4%,$327,$217,,"$12,253,289",22.4%,$337,$224,,"$12,620,888",22.4%,$347,$231,,"$12,999,515",22.4%,$357,$237,,"$13,426,120",22.4%,$368,$245,,"$13,791,185",22.4%,$379,$252,,"$14,204,921",22.4%,$391,$259,,"$14,631,068",22.4%,$402,$267
,,,,,,,,,,,,,,,,,,,,,,,,,,,,,,,,,,,,,,,,,,,,,,,,,,,,,,,
NON-OPERATING INCOME,,,,,,,,,,,,,,,,,,,,,,,,,,,,,,,,,,,,,,,,,,,,,,,,,,,,,,,
F&B Beverage Lease,,,0.0%,$0,$0,,$0,0.0%,$0,$0,,$0,0.0%,$0,$0,,$0,0.0%,$0,$0,,$0,0.0%,$0,$0,,$0,0.0%,$0,$0,,$0,0.0%,$0,$0,,$0,0.0%,$0,$0,,$0,0.0%,$0,$0,,$0,0.0%,$0,$0,,$0,0.0%,$0,$0
Non-Operating Income Total ,,$0,0.0%,$0,$0,,$0,0.0%,$0,$0,,$0,0.0%,$0,$0,,$0,0.0%,$0,$0,,$0,0.0%,$0,$0,,$0,0.0%,$0,$0,,$0,0.0%,$0,$0,,$0,0.0%,$0,$0,,$0,0.0%,$0,$0,,$0,0.0%,$0,$0,,$0,0.0%,$0,$0
,,,,,,,,,,,,,,,,,,,,,,,,,,,,,,,,,,,,,,,,,,,,,,,,,,,,,,,
Non-Operating Expenses,,,,,,,,,,,,,,,,,,,,,,,,,,,,,,,,,,,,,,,,,,,,,,,,,,,,,,,
Property Taxes,,,0.0%,$0,$0,,"$100,000",0.2%,$3,$2,,"$102,500",0.2%,$3,$2,,"$105,063",0.2%,$3,$2,,"$107,689",0.2%,$3,$2,,"$110,381",0.2%,$3,$2,,"$113,141",0.2%,$3,$2,,"$115,969",0.2%,$3,$2,,"$118,869",0.2%,$3,$2,,"$121,840",0.2%,$3,$2,,"$124,886",0.2%,$3,$2
Insurance ,,,0.0%,$0,$0,,"$85,000",0.2%,$3,$2,,"$87,125",0.2%,$2,$2,,"$89,303",0.2%,$2,$2,,"$91,536",0.2%,$3,$2,,"$93,824",0.2%,$3,$2,,"$96,170",0.2%,$3,$2,,"$98,574",0.2%,$3,$2,,"$101,038",0.2%,$3,$2,,"$103,564",0.2%,$3,$2,,"$106,153",0.2%,$3,$2
Total Management Fees,,,0.0%,$0,$0,,"$1,868,905",4.0%,$55,$34,,"$2,000,155",4.0%,$57,$37,,"$2,129,412",4.0%,$58,$39,,"$2,187,344",4.0%,$60,$40,,"$2,252,964",4.0%,$62,$41,,"$2,320,553",4.0%,$64,$42,,"$2,396,671",4.0%,$66,$44,,"$2,461,874",4.0%,$68,$45,,"$2,535,731",4.0%,$70,$46,,"$2,611,803",4.0%,$72,$48
Franchise Fees,,,0.0%,$0,$0,,$0,0.0%,$0,$0,,$0,0.0%,$0,$0,,$0,0.0%,$0,$0,,$0,0.0%,$0,$0,,$0,0.0%,$0,$0,,$0,0.0%,$0,$0,,$0,0.0%,$0,$0,,$0,0.0%,$0,$0,,$0,0.0%,$0,$0,,$0,0.0%,$0,$0
Asset Management Fees,,,0.0%,$0,$0,,$0,0.0%,$0,$0,,$0,0.0%,$0,$0,,$0,0.0%,$0,$0,,$0,0.0%,$0,$0,,$0,0.0%,$0,$0,,$0,0.0%,$0,$0,,$0,0.0%,$0,$0,,$0,0.0%,$0,$0,,$0,0.0%,$0,$0,,$0,0.0%,$0,$0
Total Non-Operating Expenses,,$0,0.0%,$0,$0,,"$2,053,905",4.4%,$61,$38,,"$2,189,780",4.4%,$62,$40,,"$2,323,777",4.4%,$64,$42,,"$2,386,568",4.4%,$66,$44,,"$2,457,169",4.4%,$68,$45,,"$2,529,863",4.4%,$70,$46,,"$2,611,215",4.4%,$72,$48,,"$2,681,781",4.4%,$74,$49,,"$2,761,135",4.4%,$76,$50,,"$2,842,842",4.4%,$78,$52
,,,,,,,,,,,,,,,,,,,,,,,,,,,,,,,,,,,,,,,,,,,,,,,,,,,,,,,
NET OPERATING INCOME,,$0,0.0%,$0,$0,,"$8,411,524",18.0%,$248,$154,,"$9,013,044",18.0%,$255,$165,,"$9,605,157",18.0%,$263,$175,,"$9,866,721",18.0%,$271,$180,,"$10,163,719",18.0%,$279,$186,,"$10,469,651",18.0%,$288,$191,,"$10,814,905",18.0%,$296,$197,,"$11,109,404",18.1%,$305,$203,,"$11,443,786",18.1%,$315,$209,,"$11,788,226",18.1%,$324,$215
,,,,,,,,,,,,,,,,,,,,,,,,,,,,,,,,,,,,,,,,,,,,,,,,,,,,,,,
Capex Reserve,,,0.0%,$0,$0,,"$934,452",2.0%,$28,$17,,"$1,000,078",2.0%,$28,$18,,"$1,064,706",2.0%,$29,$19,,"$1,093,672",2.0%,$30,$20,,"$1,126,482",2.0%,$31,$21,,"$1,160,276",2.0%,$32,$21,,"$1,198,336",2.0%,$33,$22,,"$1,230,937",2.0%,$34,$22,,"$1,267,865",2.0%,$35,$23,,"$1,305,901",2.0%,$36,$24
,,,,,,,,,,,,,,,,,,,,,,,,,,,,,,,,,,,,,,,,,,,,,,,,,,,,,,,
NOI AFTER RESERVE,,$0,0.0%,$0,$0,,"$7,477,072",16.0%,$220,$137,,"$8,012,967",16.0%,$227,$146,,"$8,540,451",16.0%,$234,$156,,"$8,773,049",16.0%,$241,$160,,"$9,037,237",16.0%,$248,$165,,"$9,309,375",16.0%,$256,$170,,"$9,616,570",16.0%,$264,$175,,"$9,878,467",16.1%,$272,$180,,"$10,175,920",16.1%,$280,$186,,"$10,482,325",16.1%,$288,$191
,,,,,,,,,,,,,,,,,,,,,,,,,,,,,,,,,,,,,,,,,,,,,,,,,,,,,,,
,,,,,,,,,,,,,,,,,,,,,,,,,,,,,,,,,,,,,,,,,,,,,,,,,,,,,,,
,,,,,,,,,,,,,,,,,,,,,,,,,,,,,,,,,,,,,,,,,,,,,,,,,,,,,,,
,,,,,,,,,,,,,,,,,,,,,,,,,,,,,,,,,,,,,,,,,,,,,,,,,,,,,,,
,,,,,,,,,,,,,,,,,,,,,,,,,,,,,,,,,,,,,,,,,,,,,,,,,,,,,,,
,,,,,,,,,,,,,,,,,,,,,,,,,,,,,,,,,,,,,,,,,,,,,,,,,,,,,,,
,,,,,,,,,,,,,,,,,,,,,,,,,,,,,,,,,,,,,,,,,,,,,,,,,,,,,,,
,,,,,,,,,,,,,,,,,,,,,,,,,,,,,,,,,,,,,,,,,,,,,,,,,,,,,,,
,,,,,,,,,,,,,,,,,,,,,,,,,,,,,,,,,,,,,,,,,,,,,,,,,,,,,,,
,,,,,,,,,,,,             ,,,,,,,,,,,,,,,,,,,,,,,,,,,,,,,,,,,,,,,,,,,